user_id,country,state_province,county_parish
,Russia,Lipetsk,Dobrovskiy rayon
,Mexico,"Sonora, Estado de",Hu√©pac
,Guatemala,Izabal,
,USA,Arizona,Pima County
,U.S.A,Arizona,Pima
,USA,Ilinois,
,Mexico,Quintana Roo,L√°zaro C√°rdenas
,Mexico,Quintana Roo,Municipio de L√°zaro C√°rdenas
,Ukraine,Kharkiv,Novovodolaz'kyi
,Canada,Province of Nova Scotia,
,Germany,Niedersachsen,Emden
,United States,Arkansas,Greene
,Romania,Covasna,Intorsura Buzaului
,United States,Kansas,Jewell
,Mexico,Chiapas,Villa Corzo
,Romania,Cluj,Marisel
,Mexico,Nuevo Le√≥n,Los Aldamas
,South Korea,Busan,Haeundae
,Mexico,Guanajuato,Jer√©cuaro
,Colombia,Cundinamarca,Medina
,Thailand,Chaiyaphum,Nong Bua Daeng